postcode,,,postcode_space,ua_name,installation_count,ev_count,panel_count,battery_add_on,battery_storage_capacity_kw,pv_installed_capacity_kw
BS167JW,BS16,7JW,BS16 7JW,South Gloucestershire Council,SolarPanels,1,11,1,7,4.57
BA16HH,BA1,6HH,BA1 6HH,Bath and North East Somerset Council,SolarPanels,1,8,1,5,3.32
BS65DX,BS6,5DX,BS6 5DX,Bristol City Council,SolarPanels,,6,1,7,2.49
BS482AR,BS48,2AR,BS48 2AR,North Somerset Council,SolarPanels,,10,1,7,4.15
BS91SA,BS9,1SA,BS9 1SA,Bristol City Council,SolarPanels,,5,1,7,2.08
BS483QX,BS48,3QX,BS48 3QX,North Somerset Council,SolarPanels,,10,1,7,4.15
BA28HF,BA2,8HF,BA2 8HF,Bath and North East Somerset Council,SolarPanels,,11,1,7,4.57
BS320HF,BS32,0HF,BS32 0HF,South Gloucestershire Council,SolarPanels,,8,1,7,3.32
BS43DH,BS4,3DH,BS4 3DH,Bristol City Council,SolarPanels,,10,1,7,4.15
BS377DF,BS37,7DF,BS37 7DF,South Gloucestershire Council,SolarPanels,1,6,1,5,2.49
BS312FJ,BS31,2FJ,BS31 2FJ,Bath and North East Somerset Council,SolarPanels,,8,1,5,3.32
BS312SH,BS31,2SH,BS31 2SH,Bath and North East Somerset Council,SolarPanels,1,9,1,7,3.74
BS251HJ,BS25,1HJ,BS25 1HJ,North Somerset Council,SolarPanels,,10,1,5,4.15
BS495ES,BS49,5ES,BS49 5ES,North Somerset Council,SolarPanels,,5,1,5,2.08
BA12XE,BA1,2XE,BA1 2XE,Bath and North East Somerset Council,SolarPanels,,12,0,,4.98
BA26TQ,BA2,6TQ,BA2 6TQ,Bath and North East Somerset Council,SolarPanels,,22,1,12,9.13
BS248DS,BS24,8DS,BS24 8DS,North Somerset Council,SolarPanels,,12,1,7,4.98
BS207FG,BS20,7FG,BS20 7FG,North Somerset Council,SolarPanels,,7,1,5,2.91
BS312FT,BS31,2FT,BS31 2FT,Bath and North East Somerset Council,SolarPanels,,8,1,5,3.32
BS35DG,BS3,5DG,BS3 5DG,Bristol City Council,SolarPanels,,4,0,,1.66
BS494EL,BS49,4EL,BS49 4EL,North Somerset Council,SolarPanels,,12,0,,4.98
BA17PL,BA1,7PL,BA1 7PL,Bath and North East Somerset Council,SolarPanels,,6,1,5,2.49
BS217BZ,BS21,7BZ,BS21 7BZ,North Somerset Council,SolarPanels,,17,1,7,7.06
BA12ST,BA1,2ST,BA1 2ST,Bath and North East Somerset Council,SolarPanels,,4,1,7,1.66
BA13BL,BA1,3BL,BA1 3BL,Bath and North East Somerset Council,SolarPanels,,7,1,7,2.91
BS296EA,BS29,6EA,BS29 6EA,North Somerset Council,SolarPanels,,18,1,12,7.47
BA22EB,BA2,2EB,BA2 2EB,Bath and North East Somerset Council,SolarPanels,,7,1,5,2.91
BS320DL,BS32,0DL,BS32 0DL,South Gloucestershire Council,SolarPanels,,5,0,,2.08
BS229RS,BS22,9RS,BS22 9RS,North Somerset Council,SolarPanels,,12,1,7,4.98
BA22BQ,BA2,2BQ,BA2 2BQ,Bath and North East Somerset Council,SolarPanels,,8,1,5,3.32
BS419LJ,BS41,9LJ,BS41 9LJ,North Somerset Council,SolarPanels,,10,1,5,4.15
BS419NB,BS41,9NB,BS41 9NB,North Somerset Council,SolarPanels,,18,1,7,7.47
BS311RQ,BS31,1RQ,BS31 1RQ,Bath and North East Somerset Council,SolarPanels,,6,1,5,2.49
BA25RT,BA2,5RT,BA2 5RT,Bath and North East Somerset Council,SolarPanels,,5,1,7,2.08
BA17PN,BA1,7PN,BA1 7PN,Bath and North East Somerset Council,SolarPanels,,6,1,5,2.49
BA26JL,BA2,6JL,BA2 6JL,Bath and North East Somerset Council,SolarPanels,,6,1,5,2.49
BS166DQ,BS16,6DQ,BS16 6DQ,South Gloucestershire Council,SolarPanels,,11,1,5,4.57
BS249NT,BS24,9NT,BS24 9NT,North Somerset Council,RetroFitBattery,,0,1,12,0.00
BA32SB,BA3,2SB,BA3 2SB,Bath and North East Somerset Council,SolarPanels,,10,1,7,4.15
BA21JP,BA2,1JP,BA2 1JP,Bath and North East Somerset Council,RetroFitBattery,,0,1,5,0.00
BS494LD,BS49,4LD,BS49 4LD,North Somerset Council,SolarPanels,,8,1,5,3.32
BS166ST,BS16,6ST,BS16 6ST,South Gloucestershire Council,SolarPanels,,7,1,5,2.91
GL128LX,GL12,8LX,GL12 8LX,South Gloucestershire Council,RetroFitBattery,,0,1,7,0.00
BS167AZ,BS16,7AZ,BS16 7AZ,South Gloucestershire Council,SolarPanels,,9,1,7,3.74
BS251BN,BS25,1BN,BS25 1BN,North Somerset Council,RetroFitBattery,,0,1,14,0.00
BS311FH,BS31,1FH,BS31 1FH,Bath and North East Somerset Council,SolarPanels,1,10,1,5,4.15
BS70HW,BS7,0HW,BS7 0HW,Bristol City Council,SolarPanels,,8,1,5,3.32
BS329BH,BS32,9BH,BS32 9BH,South Gloucestershire Council,SolarPanels,,16,1,12,6.64
BS309XE,BS30,9XE,BS30 9XE,South Gloucestershire Council,SolarPanels,,12,1,7,4.98
BS484PY,BS48,4PY,BS48 4PY,North Somerset Council,SolarPanels,,0,1,5,0.00
BS78ES,BS7,8ES,BS7 8ES,Bristol City Council,SolarPanels,,8,1,7,3.32
BS494DD,BS49,4DD,BS49 4DD,North Somerset Council,SolarPanels,,10,1,7,4.15
BS494RB,BS49,4RB,BS49 4RB,North Somerset Council,SolarPanels,,7,1,12,2.91
BS309UG,BS30,9UG,BS30 9UG,South Gloucestershire Council,SolarPanels,,13,1,12,5.40
BS375TZ,BS37,5TZ,BS37 5TZ,South Gloucestershire Council,SolarPanels,,10,1,5,4.15
BS494AW,BS49,4AW,BS49 4AW,North Somerset Council,SolarPanels,,12,1,7,4.98
BS396UT,BS39,6UT,BS39 6UT,Bath and North East Somerset Council,SolarPanels,,10,1,7,4.15
BS231BW,BS23,1BW,BS23 1BW,North Somerset Council,SolarPanels,,8,1,7,3.32
BS227PT,BS22,7PT,BS22 7PT,North Somerset Council,SolarPanels,,7,1,7,2.91
BA26XD,BA2,6XD,BA2 6XD,Bath and North East Somerset Council,SolarPanels,1,12,1,7,4.98
BS94PR,BS9,4PR,BS9 4PR,Bristol City Council,RetroFitBattery,1,0,1,5,0.00
BS227SP,BS22,7SP,BS22 7SP,North Somerset Council,SolarPanels,,16,1,5,6.64
BS313EN,BS31,3EN,BS31 3EN,Bath and North East Somerset Council,SolarPanels,,15,1,12,6.23
BS405RN,BS40,5RN,BS40 5RN,North Somerset Council,SolarPanels,,10,1,12,4.15
BS161QJ,BS16,1QJ,BS16 1QJ,South Gloucestershire Council,SolarPanels,,15,1,12,6.23
BS217UA,BS21,7UA,BS21 7UA,North Somerset Council,RetroFitBattery,,0,1,7,0.00
BS208HQ,BS20,8HQ,BS20 8HQ,North Somerset Council,RetroFitBattery,,0,1,7,0.00
BS207FL,BS20,7FL,BS20 7FL,North Somerset Council,SolarPanels,1,8,1,7,3.32
BS483QF,BS48,3QF,BS48 3QF,North Somerset Council,SolarPanels,,16,1,12,6.64
BS105AS,BS10,5AS,BS10 5AS,Bristol City Council,SolarPanels,,12,0,,4.98
BS361BZ,BS36,1BZ,BS36 1BZ,South Gloucestershire Council,SolarPanels,,6,0,,2.49
BS377LF,BS37,7LF,BS37 7LF,South Gloucestershire Council,SolarPanels,,9,1,12,3.74
BS251AB,BS25,1AB,BS25 1AB,North Somerset Council,SolarPanels,,8,1,5,3.32
BS251LJ,BS25,1LJ,BS25 1LJ,North Somerset Council,SolarPanels,,16,1,7,6.64
BS14RJ,BS1,4RJ,BS1 4RJ,Bristol City Council,RetroFitBattery,,0,1,14,0.00
BS84QQ,BS8,4QQ,BS8 4QQ,Bristol City Council,SolarPanels,,8,1,7,3.32
BS419DQ,BS41,9DQ,BS41 9DQ,North Somerset Council,SolarPanels,,16,1,5,6.64
BS78LJ,BS7,8LJ,BS7 8LJ,Bristol City Council,SolarPanels,,6,1,5,2.49
BS494EB,BS49,4EB,BS49 4EB,North Somerset Council,RetroFitBattery,,0,1,7,0.00
BS79PJ,BS7,9PJ,BS7 9PJ,Bristol City Council,RetroFitBattery,,0,1,5,0.00
BS56JR,BS5,6JR,BS5 6JR,Bristol City Council,RetroFitBattery,,0,1,7,0.00
BS484RQ,BS48,4RQ,BS48 4RQ,North Somerset Council,SolarPanels,,11,1,5,4.57
BS251AR,BS25,1AR,BS25 1AR,North Somerset Council,RetroFitBattery,,0,1,5,0.00
BS405NN,BS40,5NN,BS40 5NN,North Somerset Council,SolarPanels,1,10,1,7,4.15
GL128LW,GL12,8LW,GL12 8LW,South Gloucestershire Council,SolarPanels,,10,1,7,4.15
BS83UE,BS8,3UE,BS8 3UE,North Somerset Council,SolarPanels,,16,1,5,6.64
BS91TT,BS9,1TT,BS9 1TT,Bristol City Council,RetroFitBattery,,0,1,7,0.00
BS312GD,BS31,2GD,BS31 2GD,Bath and North East Somerset Council,SolarPanels,,6,1,7,2.49
BS311XD,BS31,1XD,BS31 1XD,Bath and North East Somerset Council,SolarPanels,,10,1,5,4.15
BS351TB,BS35,1TB,BS35 1TB,South Gloucestershire Council,SolarPanels,,15,1,12,6.23
BS482SP,BS48,2SP,BS48 2SP,North Somerset Council,SolarPanels,,12,1,5,4.98
BS324NX,BS32,4NX,BS32 4NX,South Gloucestershire Council,SolarPanels,,22,1,12,9.13
BS377GA,BS37,7GA,BS37 7GA,South Gloucestershire Council,SolarPanels,,10,1,5,4.15
BA20LD,BA2,0LD,BA2 0LD,Bath and North East Somerset Council,SolarPanels,,6,1,7,2.49
BS42DA,BS4,2DA,BS4 2DA,Bristol City Council,RetroFitBattery,,0,1,7,0.00
BS483HD,BS48,3HD,BS48 3HD,North Somerset Council,SolarPanels,1,8,1,7,3.32
BA15TU,BA1,5TU,BA1 5TU,Bath and North East Somerset Council,SolarPanels,,20,1,5,8.30
BA25QQ,BA2,5QQ,BA2 5QQ,Bath and North East Somerset Council,SolarPanels,,5,1,5,2.08
BA29AF,BA2,9AF,BA2 9AF,Bath and North East Somerset Council,SolarPanels,,9,1,5,3.74
BA22AN,BA2,2AN,BA2 2AN,Bath and North East Somerset Council,SolarPanels,,10,1,7,4.15
BS481UQ,BS48,1UQ,BS48 1UQ,North Somerset Council,SolarPanels,,11,1,7,4.57
BS159GE,BS15,9GE,BS15 9GE,South Gloucestershire Council,SolarPanels,,10,1,7,4.15
BS66DU,BS6,6DU,BS6 6DU,Bristol City Council,SolarPanels,,9,1,5,3.74
BS311JX,BS31,1JX,BS31 1JX,Bath and North East Somerset Council,SolarPanels,,10,1,5,4.15
BS140BU,BS14,0BU,BS14 0BU,Bath and North East Somerset Council,SolarPanels,,17,1,12,7.06
BS482UQ,BS48,2UQ,BS48 2UQ,North Somerset Council,SolarPanels,,11,1,7,4.57
BS78JQ,BS7,8JQ,BS7 8JQ,Bristol City Council,SolarPanels,1,12,1,7,4.98
BS320DS,BS32,0DS,BS32 0DS,South Gloucestershire Council,SolarPanels,,12,1,7,4.98
BS308YF,BS30,8YF,BS30 8YF,South Gloucestershire Council,SolarPanels,,12,1,12,4.98
BS32BB,BS3,2BB,BS3 2BB,Bristol City Council,RetroFitBattery,,0,1,7,0.00
BS395XF,BS39,5XF,BS39 5XF,Bath and North East Somerset Council,SolarPanels,1,6,1,5,2.49
BS483QX,BS48,3QX,BS48 3QX,North Somerset Council,SolarPanels,,8,1,7,3.32
BS229QG,BS22,9QG,BS22 9QG,North Somerset Council,SolarPanels,,12,1,5,4.98
BS251LY,BS25,1LY,BS25 1LY,North Somerset Council,SolarPanels,,14,1,7,5.81
BS208DD,BS20,8DD,BS20 8DD,North Somerset Council,SolarPanels,,14,0,,5.81
BS162HH,BS16,2HH,BS16 2HH,Bristol City Council,SolarPanels,,8,1,5,3.32
BA22BW,BA2,2BW,BA2 2BW,Bath and North East Somerset Council,SolarPanels,,10,1,7,4.15
BS484LT,BS48,4LT,BS48 4LT,North Somerset Council,SolarPanels,,15,0,,6.23
BS234SF,BS23,4SF,BS23 4SF,North Somerset Council,SolarPanels,,9,1,7,3.74
BS309YJ,BS30,9YJ,BS30 9YJ,South Gloucestershire Council,SolarPanels,,9,1,5,3.74
BA28DU,BA2,8DU,BA2 8DU,Bath and North East Somerset Council,SolarPanels,,12,1,7,4.98
BS375UW,BS37,5UW,BS37 5UW,South Gloucestershire Council,SolarPanels,,13,1,7,5.40
BS361DY,BS36,1DY,BS36 1DY,South Gloucestershire Council,SolarPanels,,9,1,7,3.74
BS93JQ,BS9,3JQ,BS9 3JQ,Bristol City Council,SolarPanels,,10,1,7,4.15
BS353RW,BS35,3RW,BS35 3RW,South Gloucestershire Council,RetroFitBattery,,0,1,5,0.00
BA16NH,BA1,6NH,BA1 6NH,Bath and North East Somerset Council,SolarPanels,,6,1,5,2.49
BS78HN,BS7,8HN,BS7 8HN,Bristol City Council,RetroFitBattery,,0,1,5,0.00
BS67HW,BS6,7HW,BS6 7HW,Bristol City Council,RetroFitBattery,,0,1,7,0.00
BS251JP,BS25,1JP,BS25 1JP,North Somerset Council,SolarPanels,,15,1,5,6.23
BS348GF,BS34,8GF,BS34 8GF,South Gloucestershire Council,SolarPanels,,14,1,12,5.81
BS232JP,BS23,2JP,BS23 2JP,North Somerset Council,SolarPanels,,14,1,7,5.81
BS227QL,BS22,7QL,BS22 7QL,North Somerset Council,SolarPanels,,8,1,5,3.32
BA22DR,BA2,2DR,BA2 2DR,Bath and North East Somerset Council,SolarPanels,,8,1,7,3.32
BS405NZ,BS40,5NZ,BS40 5NZ,North Somerset Council,SolarPanels,,15,1,7,6.23
BS311XD,BS31,1XD,BS31 1XD,Bath and North East Somerset Council,SolarPanels,,13,1,7,5.40
BS376XD,BS37,6XD,BS37 6XD,South Gloucestershire Council,SolarPanels,,14,1,7,5.81
BS328AE,BS32,8AE,BS32 8AE,South Gloucestershire Council,SolarPanels,,10,1,5,4.15
BS70TB,BS7,0TB,BS7 0TB,South Gloucestershire Council,SolarPanels,1,6,1,5,2.49
BS78UT,BS7,8UT,BS7 8UT,Bristol City Council,SolarPanels,1,5,1,5,2.08
BS208HG,BS20,8HG,BS20 8HG,North Somerset Council,RetroFitBattery,,0,1,7,0.00
BS495BQ,BS49,5BQ,BS49 5BQ,North Somerset Council,SolarPanels,,16,1,7,6.64
BS482UU,BS48,2UU,BS48 2UU,North Somerset Council,SolarPanels,,10,1,7,4.15
BS206AY,BS20,6AY,BS20 6AY,North Somerset Council,SolarPanels,,11,1,7,4.57
BS361BG,BS36,1BG,BS36 1BG,South Gloucestershire Council,SolarPanels,,10,1,7,4.15
BS227PZ,BS22,7PZ,BS22 7PZ,North Somerset Council,SolarPanels,,14,1,7,5.81
BS94RW,BS9,4RW,BS9 4RW,Bristol City Council,SolarPanels,1,10,1,5,4.15
BS482UU,BS48,2UU,BS48 2UU,North Somerset Council,SolarPanels,,12,1,7,4.98
BS164DE,BS16,4DE,BS16 4DE,Bristol City Council,SolarPanels,,9,1,5,3.74
BS82HD,BS8,2HD,BS8 2HD,Bristol City Council,SolarPanels,,9,1,7,3.74
BS65TZ,BS6,5TZ,BS6 5TZ,Bristol City Council,SolarPanels,,7,1,5,2.91
BS94RQ,BS9,4RQ,BS9 4RQ,Bristol City Council,SolarPanels,,5,1,5,2.08
BS233AT,BS23,3AT,BS23 3AT,North Somerset Council,RetroFitBattery,,0,1,7,0.00
BS92PA,BS9,2PA,BS9 2PA,Bristol City Council,RetroFitBattery,,0,1,7,0.00
BS206RJ,BS20,6RJ,BS20 6RJ,North Somerset Council,SolarPanels,,25,1,12,10.38
BS361DH,BS36,1DH,BS36 1DH,South Gloucestershire Council,SolarPanels,,6,1,5,2.49
BS162WB,BS16,2WB,BS16 2WB,Bristol City Council,SolarPanels,,8,1,12,3.32
BA32XA,BA3,2XA,BA3 2XA,Bath and North East Somerset Council,SolarPanels,,9,1,5,3.74
BS311SE,BS31,1SE,BS31 1SE,Bath and North East Somerset Council,SolarPanels,1,14,1,12,5.81
BS376ER,BS37,6ER,BS37 6ER,South Gloucestershire Council,SolarPanels,,16,1,7,6.64
BS94QY,BS9,4QY,BS9 4QY,Bristol City Council,SolarPanels,,5,1,5,2.08
BS484RB,BS48,4RB,BS48 4RB,North Somerset Council,SolarPanels,,13,1,7,5.40
BS374NP,BS37,4NP,BS37 4NP,South Gloucestershire Council,SolarPanels,,14,1,12,5.81
BS361NT,BS36,1NT,BS36 1NT,South Gloucestershire Council,SolarPanels,,6,0,,2.49
BS353RB,BS35,3RB,BS35 3RB,South Gloucestershire Council,SolarPanels,1,8,1,5,3.32
BS43HW,BS4,3HW,BS4 3HW,Bristol City Council,SolarPanels,,10,1,5,4.15
BS311JN,BS31,1JN,BS31 1JN,Bath and North East Somerset Council,RetroFitBattery,,0,1,7,0.00
BS495DS,BS49,5DS,BS49 5DS,North Somerset Council,SolarPanels,,12,1,12,4.98
BS78LT,BS7,8LT,BS7 8LT,Bristol City Council,SolarPanels,,6,1,5,2.49
BS483PN,BS48,3PN,BS48 3PN,North Somerset Council,SolarPanels,1,12,1,12,4.98
BS162DB,BS16,2DB,BS16 2DB,Bristol City Council,RetroFitBattery,,0,1,5,0.00
BS352YJ,BS35,2YJ,BS35 2YJ,South Gloucestershire Council,SolarPanels,,10,1,7,4.15
BA19BE,BA1,9BE,BA1 9BE,Bath and North East Somerset Council,RetroFitBattery,,0,1,7,0.00
BA17PY,BA1,7PY,BA1 7PY,Bath and North East Somerset Council,SolarPanels,,14,1,12,5.81
BS227RJ,BS22,7RJ,BS22 7RJ,North Somerset Council,SolarPanels,,14,1,7,5.81
BS92DJ,BS9,2DJ,BS9 2DJ,Bristol City Council,SolarPanels,,5,1,12,2.08
BS91DB,BS9,1DB,BS9 1DB,Bristol City Council,SolarPanels,,12,1,7,4.98
BS307SD,BS30,7SD,BS30 7SD,South Gloucestershire Council,SolarPanels,,14,1,5,5.81
BS57HJ,BS5,7HJ,BS5 7HJ,Bristol City Council,SolarPanels,,14,1,7,5.81
BS495EY,BS49,5EY,BS49 5EY,North Somerset Council,SolarPanels,1,8,1,5,3.32
BS361QT,BS36,1QT,BS36 1QT,South Gloucestershire Council,SolarPanels,,11,1,7,4.57
BS494JH,BS49,4JH,BS49 4JH,North Somerset Council,SolarPanels,1,8,1,7,3.32
BS217HL,BS21,7HL,BS21 7HL,North Somerset Council,RetroFitBattery,,0,1,7,0.00
BS348XL,BS34,8XL,BS34 8XL,South Gloucestershire Council,SolarPanels,1,8,1,5,3.32
BS208RQ,BS20,8RQ,BS20 8RQ,North Somerset Council,SolarPanels,,12,1,7,4.98
BS228SQ,BS22,8SQ,BS22 8SQ,North Somerset Council,SolarPanels,,8,1,5,3.32
BS67DT,BS6,7DT,BS6 7DT,Bristol City Council,SolarPanels,,11,1,7,4.57
BS92EH,BS9,2EH,BS9 2EH,Bristol City Council,RetroFitBattery,1,5,1,12,0.00
BS362SR,BS36,2SR,BS36 2SR,South Gloucestershire Council,SolarPanels,,16,1,5,6.64
BS320BB,BS32,0BB,BS32 0BB,South Gloucestershire Council,SolarPanels,,8,1,5,3.32
BS354PE,BS35,4PE,BS35 4PE,South Gloucestershire Council,SolarPanels,1,6,1,5,2.49
BS154FL,BS15,4FL,BS15 4FL,South Gloucestershire Council,RetroFitBattery,,0,1,5,0.00
GL128LU,GL12,8LU,GL12 8LU,South Gloucestershire Council,SolarPanels,,16,1,7,6.64
BS328SW,BS32,8SW,BS32 8SW,South Gloucestershire Council,SolarPanels,,8,1,5,3.32
BS329DU,BS32,9DU,BS32 9DU,South Gloucestershire Council,SolarPanels,,6,0,,2.49
BS324EQ,BS32,4EQ,BS32 4EQ,South Gloucestershire Council,RetroFitBattery,,0,1,5,0.00
BS159SL,BS15,9SL,BS15 9SL,South Gloucestershire Council,SolarPanels,,8,1,5,3.32
BS362RL,BS36,2RL,BS36 2RL,South Gloucestershire Council,SolarPanels,,8,0,,3.32
BS308AE,BS30,8AE,BS30 8AE,South Gloucestershire Council,SolarPanels,,8,1,7,3.32
BS407SL,BS40,7SL,BS40 7SL,North Somerset Council,SolarPanels,,8,1,5,3.32
GL128LP,GL12,8LP,GL12 8LP,South Gloucestershire Council,SolarPanels,1,10,1,5,4.15
GL128BZ,GL12,8BZ,GL12 8BZ,South Gloucestershire Council,SolarPanels,,9,1,7,3.74
BA16HP,BA1,6HP,BA1 6HP,Bath and North East Somerset Council,SolarPanels,,4,0,,1.66
BS308DH,BS30,8DH,BS30 8DH,South Gloucestershire Council,SolarPanels,,9,1,5,3.74
BS376HX,BS37,6HX,BS37 6HX,South Gloucestershire Council,SolarPanels,,12,1,7,4.98
BS362NB,BS36,2NB,BS36 2NB,South Gloucestershire Council,SolarPanels,,16,1,5,6.64
BS419BP,BS41,9BP,BS41 9BP,North Somerset Council,SolarPanels,,6,1,7,2.49
BS494HY,BS49,4HY,BS49 4HY,North Somerset Council,SolarPanels,,10,1,7,4.15
BS348GF,BS34,8GF,BS34 8GF,South Gloucestershire Council,SolarPanels,,14,1,12,5.81
BS138RZ,BS13,8RZ,BS13 8RZ,Bristol City Council,SolarPanels,,8,1,7,3.32
BS348GE,BS34,8GE,BS34 8GE,South Gloucestershire Council,SolarPanels,,10,1,5,4.15
BS377BJ,BS37,7BJ,BS37 7BJ,South Gloucestershire Council,SolarPanels,,10,1,5,4.15
BS93TD,BS9,3TD,BS9 3TD,Bristol City Council,SolarPanels,,9,1,7,3.74
BS169TE,BS16,9TE,BS16 9TE,South Gloucestershire Council,RetroFitBattery,,0,1,5,0.00
BS374NP,BS37,4NP,BS37 4NP,South Gloucestershire Council,RetroFitBattery,,0,1,7,0.00
BS375US,BS37,5US,BS37 5US,South Gloucestershire Council,RetroFitBattery,,0,1,5,0.00
BS374HL,BS37,4HL,BS37 4HL,South Gloucestershire Council,SolarPanels,,8,1,7,3.32
BS169RW,BS16,9RW,BS16 9RW,South Gloucestershire Council,SolarPanels,,6,1,5,2.49
BS206EE,BS20,6EE,BS20 6EE,North Somerset Council,SolarPanels,,10,1,7,4.15
BS70AD,BS7,0AD,BS7 0AD,Bristol City Council,SolarPanels,,11,1,12,4.57
BS482UU,BS48,2UU,BS48 2UU,North Somerset Council,SolarPanels,,10,1,5,4.15
BS362BN,BS36,2BN,BS36 2BN,South Gloucestershire Council,RetroFitBattery,,0,1,12,0.00
BS353UD,BS35,3UD,BS35 3UD,South Gloucestershire Council,SolarPanels,,13,1,12,5.40
BS217HL,BS21,7HL,BS21 7HL,North Somerset Council,SolarPanels,,5,1,7,2.08
BS483QQ,BS48,3QQ,BS48 3QQ,North Somerset Council,SolarPanels,,14,1,12,5.81
BS361DJ,BS36,1DJ,BS36 1DJ,South Gloucestershire Council,SolarPanels,,10,1,7,4.15
BS311RL,BS31,1RL,BS31 1RL,Bath and North East Somerset Council,SolarPanels,,14,1,7,5.81
BS216TZ,BS21,6TZ,BS21 6TZ,North Somerset Council,SolarPanels,,15,1,12,6.23
BS66YR,BS6,6YR,BS6 6YR,Bristol City Council,SolarPanels,,12,1,7,4.98
BS42XL,BS4,2XL,BS4 2XL,Bristol City Council,RetroFitBattery,,0,1,5,0.00
BA19AX,BA1,9AX,BA1 9AX,Bath and North East Somerset Council,SolarPanels,,20,1,12,8.30
BS167HG,BS16,7HG,BS16 7HG,South Gloucestershire Council,SolarPanels,,7,1,5,2.91
BS66QU,BS6,6QU,BS6 6QU,Bristol City Council,RetroFitBattery,,0,1,5,0.00
BS70LA,BS7,0LA,BS7 0LA,Bristol City Council,SolarPanels,,12,1,7,4.98
BS354QB,BS35,4QB,BS35 4QB,South Gloucestershire Council,RetroFitBattery,,0,1,5,0.00
BS67PZ,BS6,7PZ,BS6 7PZ,Bristol City Council,SolarPanels,,12,1,7,4.98
BS207BP,BS20,7BP,BS20 7BP,North Somerset Council,SolarPanels,,8,1,5,3.32
BS328EH,BS32,8EH,BS32 8EH,South Gloucestershire Council,SolarPanels,,8,1,7,3.32
BS351JQ,BS35,1JQ,BS35 1JQ,South Gloucestershire Council,SolarPanels,,18,1,7,7.47
BS65AJ,BS6,5AJ,BS6 5AJ,Bristol City Council,SolarPanels,,11,1,7,4.57
BS305TP,BS30,5TP,BS30 5TP,South Gloucestershire Council,SolarPanels,,10,1,7,4.15
BS328DP,BS32,8DP,BS32 8DP,South Gloucestershire Council,SolarPanels,,16,1,7,6.64
BS70BZ,BS7,0BZ,BS7 0BZ,Bristol City Council,SolarPanels,,8,1,5,3.32
BS247HF,BS24,7HF,BS24 7HF,North Somerset Council,SolarPanels,,14,1,7,5.81
BA20HX,BA2,0HX,BA2 0HX,Bath and North East Somerset Council,SolarPanels,,6,1,5,2.49
BS494QY,BS49,4QY,BS49 4QY,North Somerset Council,SolarPanels,,8,0,,3.32
BS352HY,BS35,2HY,BS35 2HY,South Gloucestershire Council,SolarPanels,,10,1,7,4.15
GL128US,GL12,8US,GL12 8US,South Gloucestershire Council,SolarPanels,,10,1,12,4.15
BS320DU,BS32,0DU,BS32 0DU,South Gloucestershire Council,SolarPanels,,6,1,5,2.49
BS481UH,BS48,1UH,BS48 1UH,North Somerset Council,SolarPanels,,15,1,7,6.23
BS354EE,BS35,4EE,BS35 4EE,South Gloucestershire Council,SolarPanels,,6,1,5,2.49
BS494DQ,BS49,4DQ,BS49 4DQ,North Somerset Council,SolarPanels,,9,1,5,3.74
BS167AZ,BS16,7AZ,BS16 7AZ,South Gloucestershire Council,SolarPanels,,10,1,5,4.15
BS93ST,BS9,3ST,BS9 3ST,Bristol City Council,SolarPanels,,4,1,7,1.66
BS79BG,BS7,9BG,BS7 9BG,Bristol City Council,SolarPanels,,10,1,7,4.15
BS94SB,BS9,4SB,BS9 4SB,Bristol City Council,SolarPanels,,19,1,7,7.89
BS200EE,BS20,0EE,BS20 0EE,North Somerset Council,SolarPanels,,8,0,,3.32
BS167AS,BS16,7AS,BS16 7AS,South Gloucestershire Council,SolarPanels,,12,1,7,4.98
BS57RL,BS5,7RL,BS5 7RL,Bristol City Council,RetroFitBattery,,0,1,5,0.00
BS232HX,BS23,2HX,BS23 2HX,North Somerset Council,SolarPanels,,14,1,7,5.81
BS419DJ,BS41,9DJ,BS41 9DJ,North Somerset Council,SolarPanels,1,14,1,7,5.81
BS161GD,BS16,1GD,BS16 1GD,South Gloucestershire Council,SolarPanels,,12,1,7,4.98
BA13NR,BA1,3NR,BA1 3NR,Bath and North East Somerset Council,SolarPanels,,9,1,7,3.74
BS324HQ,BS32,4HQ,BS32 4HQ,South Gloucestershire Council,SolarPanels,1,15,1,7,6.23
BS149JE,BS14,9JE,BS14 9JE,Bristol City Council,SolarPanels,1,6,1,7,2.49
BA14NS,BA1,4NS,BA1 4NS,Bath and North East Somerset Council,SolarPanels,,10,1,5,4.15
GL128TW,GL12,8TW,GL12 8TW,South Gloucestershire Council,SolarPanels,,20,0,,8.30
BS78SX,BS7,8SX,BS7 8SX,Bristol City Council,SolarPanels,,6,1,5,2.49
SN148HF,SN14,8HF,SN14 8HF,South Gloucestershire Council,SolarPanels,,12,1,7,4.98
BS351AE,BS35,1AE,BS35 1AE,South Gloucestershire Council,SolarPanels,,12,1,7,4.98
BS395PG,BS39,5PG,BS39 5PG,Bath and North East Somerset Council,SolarPanels,,6,1,5,2.49
BS43NG,BS4,3NG,BS4 3NG,Bristol City Council,SolarPanels,,6,1,5,2.49
BA17AB,BA1,7AB,BA1 7AB,Bath and North East Somerset Council,SolarPanels,,14,1,12,5.81
BS166TT,BS16,6TT,BS16 6TT,South Gloucestershire Council,SolarPanels,,15,1,7,6.23
BS43RE,BS4,3RE,BS4 3RE,Bristol City Council,SolarPanels,,6,1,5,2.49
BA20EU,BA2,0EU,BA2 0EU,Bath and North East Somerset Council,SolarPanels,1,8,1,5,3.32
BS79RB,BS7,9RB,BS7 9RB,Bristol City Council,SolarPanels,,10,1,7,4.15
BS137HT,BS13,7HT,BS13 7HT,Bristol City Council,SolarPanels,,16,1,5,6.64
BS67YL,BS6,7YL,BS6 7YL,Bristol City Council,SolarPanels,,5,1,5,2.08
BS494NE,BS49,4NE,BS49 4NE,North Somerset Council,SolarPanels,,8,1,5,3.32
BS328AS,BS32,8AS,BS32 8AS,South Gloucestershire Council,SolarPanels,,10,1,7,4.15
BS307XF,BS30,7XF,BS30 7XF,South Gloucestershire Council,SolarPanels,,10,1,7,4.15
BS161EP,BS16,1EP,BS16 1EP,Bristol City Council,SolarPanels,,10,1,7,4.15
BS484YU,BS48,4YU,BS48 4YU,North Somerset Council,RetroFitBattery,,0,1,5,0.00
BS362BE,BS36,2BE,BS36 2BE,South Gloucestershire Council,RetroFitBattery,,0,1,12,0.00
BA20AL,BA2,0AL,BA2 0AL,Bath and North East Somerset Council,SolarPanels,,11,1,7,4.57
BS362TS,BS36,2TS,BS36 2TS,South Gloucestershire Council,SolarPanels,,15,1,7,6.23
BS251LJ,BS25,1LJ,BS25 1LJ,North Somerset Council,SolarPanels,,10,1,7,4.15
BS361DZ,BS36,1DZ,BS36 1DZ,South Gloucestershire Council,SolarPanels,,7,1,7,2.91
BS58BH,BS5,8BH,BS5 8BH,Bristol City Council,SolarPanels,,9,1,5,3.74
BS159QB,BS15,9QB,BS15 9QB,South Gloucestershire Council,SolarPanels,,16,1,7,6.64
BS70HE,BS7,0HE,BS7 0HE,Bristol City Council,RetroFitBattery,,0,1,5,0.00
BS79LN,BS7,9LN,BS7 9LN,Bristol City Council,SolarPanels,,8,1,5,3.32
BS67YF,BS6,7YF,BS6 7YF,Bristol City Council,SolarPanels,,6,1,5,2.49
BS249JW,BS24,9JW,BS24 9JW,North Somerset Council,SolarPanels,,12,1,5,4.98
BS251BP,BS25,1BP,BS25 1BP,North Somerset Council,SolarPanels,,16,1,7,6.64
BS355SE,BS35,5SE,BS35 5SE,South Gloucestershire Council,SolarPanels,,16,1,7,6.64
BS376HN,BS37,6HN,BS37 6HN,South Gloucestershire Council,SolarPanels,,8,1,5,3.32
BS207RR,BS20,7RR,BS20 7RR,North Somerset Council,SolarPanels,,17,1,7,7.06
BA17ES,BA1,7ES,BA1 7ES,Bath and North East Somerset Council,SolarPanels,,6,1,5,2.49
BS164SG,BS16,4SG,BS16 4SG,South Gloucestershire Council,SolarPanels,,8,1,5,3.32
BS362DE,BS36,2DE,BS36 2DE,South Gloucestershire Council,SolarPanels,,16,1,5,6.64
BS483HZ,BS48,3HZ,BS48 3HZ,North Somerset Council,SolarPanels,,12,1,7,4.98
BS255AF,BS25,5AF,BS25 5AF,North Somerset Council,SolarPanels,,12,1,7,4.98
BS56XS,BS5,6XS,BS5 6XS,Bristol City Council,SolarPanels,,12,1,7,4.98
BS345NY,BS34,5NY,BS34 5NY,South Gloucestershire Council,SolarPanels,,10,1,12,4.15
BS481SS,BS48,1SS,BS48 1SS,North Somerset Council,SolarPanels,,14,1,7,5.81
BS79AA,BS7,9AA,BS7 9AA,Bristol City Council,SolarPanels,,7,1,7,2.91
BS377UT,BS37,7UT,BS37 7UT,South Gloucestershire Council,SolarPanels,,10,1,5,4.15
BS153TH,BS15,3TH,BS15 3TH,South Gloucestershire Council,SolarPanels,,8,1,7,3.32
BS248AA,BS24,8AA,BS24 8AA,North Somerset Council,SolarPanels,,11,1,7,4.57
BS396TP,BS39,6TP,BS39 6TP,Bath and North East Somerset Council,SolarPanels,1,14,1,7,5.81
BS169PS,BS16,9PS,BS16 9PS,South Gloucestershire Council,SolarPanels,,12,1,7,4.98
BS251JH,BS25,1JH,BS25 1JH,North Somerset Council,SolarPanels,,18,1,12,7.47
BS361PZ,BS36,1PZ,BS36 1PZ,South Gloucestershire Council,SolarPanels,,16,1,7,6.64
BA21AR,BA2,1AR,BA2 1AR,Bath and North East Somerset Council,SolarPanels,,8,1,5,3.32
BS78QH,BS7,8QH,BS7 8QH,Bristol City Council,SolarPanels,,10,1,7,4.15
BS376HX,BS37,6HX,BS37 6HX,South Gloucestershire Council,RetroFitBattery,,0,1,5,0.00
BS65UD,BS6,5UD,BS6 5UD,Bristol City Council,RetroFitBattery,,0,1,7,0.00
BS216AN,BS21,6AN,BS21 6AN,North Somerset Council,SolarPanels,,8,1,5,3.32
BS229TS,BS22,9TS,BS22 9TS,North Somerset Council,SolarPanels,,18,1,7,7.47
BS208LS,BS20,8LS,BS20 8LS,North Somerset Council,SolarPanels,,11,1,7,4.57
BS251EF,BS25,1EF,BS25 1EF,North Somerset Council,SolarPanels,,8,1,5,3.32
BS82JT,BS8,2JT,BS8 2JT,Bristol City Council,SolarPanels,,8,0,,3.32
BS345RH,BS34,5RH,BS34 5RH,South Gloucestershire Council,RetroFitBattery,,0,1,7,0.00
BS309SN,BS30,9SN,BS30 9SN,South Gloucestershire Council,SolarPanels,,10,1,7,4.15
BS166EU,BS16,6EU,BS16 6EU,South Gloucestershire Council,SolarPanels,,12,1,7,4.98
BS67LD,BS6,7LD,BS6 7LD,Bristol City Council,SolarPanels,,5,1,5,2.08
BS45DA,BS4,5DA,BS4 5DA,Bristol City Council,SolarPanels,,12,0,,4.98
BS200QB,BS20,0QB,BS20 0QB,North Somerset Council,SolarPanels,,10,1,7,4.15
BS226RB,BS22,6RB,BS22 6RB,North Somerset Council,SolarPanels,,16,1,7,6.64
BS227XJ,BS22,7XJ,BS22 7XJ,North Somerset Council,SolarPanels,,8,1,5,3.32
BA22AY,BA2,2AY,BA2 2AY,Bath and North East Somerset Council,SolarPanels,,5,1,7,2.08
BS92LN,BS9,2LN,BS9 2LN,Bristol City Council,SolarPanels,,12,1,7,4.98
BS353UE,BS35,3UE,BS35 3UE,South Gloucestershire Council,RetroFitBattery,,0,1,7,0.00
BS161QJ,BS16,1QJ,BS16 1QJ,South Gloucestershire Council,SolarPanels,,12,1,5,4.98
BS169LN,BS16,9LN,BS16 9LN,South Gloucestershire Council,SolarPanels,,8,1,5,3.32
BS374HU,BS37,4HU,BS37 4HU,South Gloucestershire Council,SolarPanels,,8,1,5,3.32
BS348UH,BS34,8UH,BS34 8UH,South Gloucestershire Council,SolarPanels,,14,1,7,5.81
BS167ER,BS16,7ER,BS16 7ER,South Gloucestershire Council,SolarPanels,,7,1,5,2.91
BS167DX,BS16,7DX,BS16 7DX,South Gloucestershire Council,SolarPanels,,12,1,7,4.98
BS163LQ,BS16,3LQ,BS16 3LQ,Bristol City Council,RetroFitBattery,,0,1,12,0.00
BS217TU,BS21,7TU,BS21 7TU,North Somerset Council,SolarPanels,1,9,1,5,3.74
BA17JZ,BA1,7JZ,BA1 7JZ,Bath and North East Somerset Council,SolarPanels,,8,1,5,3.32
BS167BG,BS16,7BG,BS16 7BG,South Gloucestershire Council,SolarPanels,,6,1,5,2.49
BA28DT,BA2,8DT,BA2 8DT,Bath and North East Somerset Council,SolarPanels,,8,1,5,3.32
BS137QF,BS13,7QF,BS13 7QF,Bristol City Council,RetroFitBattery,,0,1,14,0.00
BS362AX,BS36,2AX,BS36 2AX,South Gloucestershire Council,SolarPanels,,7,1,7,2.91
BS169NE,BS16,9NE,BS16 9NE,South Gloucestershire Council,SolarPanels,,8,1,5,3.32
BS405HD,BS40,5HD,BS40 5HD,North Somerset Council,SolarPanels,,12,1,7,4.98
BS377RU,BS37,7RU,BS37 7RU,South Gloucestershire Council,SolarPanels,,12,1,5,4.98
BS255SB,BS25,5SB,BS25 5SB,North Somerset Council,RetroFitBattery,1,0,1,7,0.00
BS227US,BS22,7US,BS22 7US,North Somerset Council,SolarPanels,,10,1,5,4.15
BS494BE,BS49,4BE,BS49 4BE,North Somerset Council,SolarPanels,,8,1,7,3.32
BS494HP,BS49,4HP,BS49 4HP,North Somerset Council,SolarPanels,,10,1,5,4.15
BS232NG,BS23,2NG,BS23 2NG,North Somerset Council,SolarPanels,1,20,1,12,8.30
BS494AS,BS49,4AS,BS49 4AS,North Somerset Council,SolarPanels,,10,1,7,4.15
BS248PH,BS24,8PH,BS24 8PH,North Somerset Council,SolarPanels,,12,1,7,4.98
BS228BP,BS22,8BP,BS22 8BP,North Somerset Council,SolarPanels,1,7,1,5,2.91
BS483QE,BS48,3QE,BS48 3QE,North Somerset Council,SolarPanels,,17,1,12,7.06
BS312EU,BS31,2EU,BS31 2EU,Bath and North East Somerset Council,RetroFitBattery,,0,1,3,0.00
BS70AD,BS7,0AD,BS7 0AD,Bristol City Council,SolarPanels,,12,1,5,4.98
BS482LQ,BS48,2LQ,BS48 2LQ,North Somerset Council,SolarPanels,,9,1,7,3.74
BS249JF,BS24,9JF,BS24 9JF,North Somerset Council,SolarPanels,,8,1,7,3.32
BS296AJ,BS29,6AJ,BS29 6AJ,North Somerset Council,SolarPanels,,12,1,7,4.98
BS247EQ,BS24,7EQ,BS24 7EQ,North Somerset Council,SolarPanels,,6,1,5,2.49
BS151TN,BS15,1TN,BS15 1TN,South Gloucestershire Council,SolarPanels,,7,1,5,2.91
BS207EH,BS20,7EH,BS20 7EH,North Somerset Council,SolarPanels,1,8,1,12,3.32
BS419ND,BS41,9ND,BS41 9ND,North Somerset Council,SolarPanels,,8,1,5,3.32
BS208DT,BS20,8DT,BS20 8DT,North Somerset Council,SolarPanels,,16,1,12,6.64
BS166BX,BS16,6BX,BS16 6BX,South Gloucestershire Council,SolarPanels,,10,1,7,4.15
BS65AL,BS6,5AL,BS6 5AL,Bristol City Council,SolarPanels,,4,1,5,1.66
BS482NB,BS48,2NB,BS48 2NB,North Somerset Council,SolarPanels,,16,1,7,6.64
BA14DP,BA1,4DP,BA1 4DP,Bath and North East Somerset Council,SolarPanels,,14,1,7,5.81
BS91LS,BS9,1LS,BS9 1LS,Bristol City Council,SolarPanels,,12,1,5,4.98
BS483NT,BS48,3NT,BS48 3NT,North Somerset Council,SolarPanels,,12,1,7,4.98
BS229UG,BS22,9UG,BS22 9UG,North Somerset Council,SolarPanels,,6,1,7,2.49
BS376JR,BS37,6JR,BS37 6JR,South Gloucestershire Council,RetroFitBattery,,0,1,14,0.00
BS91AJ,BS9,1AJ,BS9 1AJ,Bristol City Council,SolarPanels,,14,1,7,5.81
BS313LF,BS31,3LF,BS31 3LF,Bath and North East Somerset Council,SolarPanels,,8,1,5,3.32
GL128TB,GL12,8TB,GL12 8TB,South Gloucestershire Council,SolarPanels,,9,1,7,3.74
BA17RD,BA1,7RD,BA1 7RD,Bath and North East Somerset Council,SolarPanels,,5,1,5,2.08
BS67XG,BS6,7XG,BS6 7XG,Bristol City Council,SolarPanels,,6,1,7,2.49
BS494HR,BS49,4HR,BS49 4HR,North Somerset Council,SolarPanels,1,10,1,5,4.15
BS483HH,BS48,3HH,BS48 3HH,North Somerset Council,SolarPanels,,16,1,12,6.64
BA27AQ,BA2,7AQ,BA2 7AQ,Bath and North East Somerset Council,SolarPanels,,14,1,7,5.81
BS248AA,BS24,8AA,BS24 8AA,North Somerset Council,RetroFitBattery,,0,1,5,0.00
BS484YL,BS48,4YL,BS48 4YL,North Somerset Council,SolarPanels,,10,1,7,4.15
BS166EA,BS16,6EA,BS16 6EA,South Gloucestershire Council,SolarPanels,,6,1,5,2.49
BS348NU,BS34,8NU,BS34 8NU,South Gloucestershire Council,SolarPanels,,6,1,5,2.49
BS84RE,BS8,4RE,BS8 4RE,Bristol City Council,SolarPanels,,12,1,5,4.98
BS251BA,BS25,1BA,BS25 1BA,North Somerset Council,SolarPanels,,11,1,7,4.57
BS296AJ,BS29,6AJ,BS29 6AJ,North Somerset Council,SolarPanels,,14,1,7,5.81
BS419DL,BS41,9DL,BS41 9DL,North Somerset Council,RetroFitBattery,,0,1,5,0.00
BS394EJ,BS39,4EJ,BS39 4EJ,Bath and North East Somerset Council,SolarPanels,,16,1,7,6.64
BS228LB,BS22,8LB,BS22 8LB,North Somerset Council,SolarPanels,,6,1,5,2.49
BS481BB,BS48,1BB,BS48 1BB,North Somerset Council,SolarPanels,,10,1,5,4.15
BA33EQ,BA3,3EQ,BA3 3EQ,Bath and North East Somerset Council,SolarPanels,,7,1,5,2.91
BA28NF,BA2,8NF,BA2 8NF,Bath and North East Somerset Council,SolarPanels,,7,1,7,2.91
BS483LF,BS48,3LF,BS48 3LF,North Somerset Council,SolarPanels,1,8,1,5,3.32
BS248DN,BS24,8DN,BS24 8DN,North Somerset Council,SolarPanels,,10,1,5,4.15
BA16NG,BA1,6NG,BA1 6NG,Bath and North East Somerset Council,SolarPanels,,12,1,7,4.98
BS419JQ,BS41,9JQ,BS41 9JQ,North Somerset Council,SolarPanels,,7,1,5,2.91
BA13HR,BA1,3HR,BA1 3HR,Bath and North East Somerset Council,SolarPanels,,4,1,5,1.66
BA24NE,BA2,4NE,BA2 4NE,Bath and North East Somerset Council,SolarPanels,,8,1,7,3.32
BA13LJ,BA1,3LJ,BA1 3LJ,Bath and North East Somerset Council,SolarPanels,,6,1,7,2.49
BA22DF,BA2,2DF,BA2 2DF,Bath and North East Somerset Council,SolarPanels,,7,1,7,2.91
BS311QE,BS31,1QE,BS31 1QE,Bath and North East Somerset Council,SolarPanels,,7,1,7,2.91
BS251BJ,BS25,1BJ,BS25 1BJ,North Somerset Council,SolarPanels,,20,1,7,8.30
BA17BN,BA1,7BN,BA1 7BN,Bath and North East Somerset Council,SolarPanels,,10,1,7,4.15
BS351LT,BS35,1LT,BS35 1LT,South Gloucestershire Council,SolarPanels,,12,1,5,4.98
BS78JN,BS7,8JN,BS7 8JN,Bristol City Council,RetroFitBattery,,0,1,5,0.00
BA32DN,BA3,2DN,BA3 2DN,Bath and North East Somerset Council,SolarPanels,,8,1,5,3.32
BS405NH,BS40,5NH,BS40 5NH,North Somerset Council,SolarPanels,,12,1,5,4.98
BS313HL,BS31,3HL,BS31 3HL,Bath and North East Somerset Council,SolarPanels,,10,1,7,4.15
BA33QN,BA3,3QN,BA3 3QN,Bath and North East Somerset Council,RetroFitBattery,1,0,1,7,0.00
BS78NA,BS7,8NA,BS7 8NA,Bristol City Council,SolarPanels,,10,1,5,4.15
BS166HF,BS16,6HF,BS16 6HF,South Gloucestershire Council,SolarPanels,1,11,1,7,4.57
BS93TT,BS9,3TT,BS9 3TT,Bristol City Council,SolarPanels,1,4,1,7,1.66
BS165NA,BS16,5NA,BS16 5NA,South Gloucestershire Council,SolarPanels,,20,1,12,8.30
BS42RF,BS4,2RF,BS4 2RF,Bristol City Council,SolarPanels,,5,1,7,2.08
BS93LQ,BS9,3LQ,BS9 3LQ,Bristol City Council,SolarPanels,,8,1,5,3.32
BS311PP,BS31,1PP,BS31 1PP,Bath and North East Somerset Council,RetroFitBattery,1,0,1,7,0.00
BA22QU,BA2,2QU,BA2 2QU,Bath and North East Somerset Council,RetroFitBattery,,0,1,5,0.00
BS93PS,BS9,3PS,BS9 3PS,Bristol City Council,SolarPanels,,8,1,7,3.32
BS67RL,BS6,7RL,BS6 7RL,Bristol City Council,SolarPanels,1,7,1,7,2.91
BS91JX,BS9,1JX,BS9 1JX,Bristol City Council,RetroFitBattery,,0,1,7,0.00
BA25QN,BA2,5QN,BA2 5QN,Bath and North East Somerset Council,SolarPanels,,10,0,,4.15
BS215LB,BS21,5LB,BS21 5LB,North Somerset Council,SolarPanels,,14,1,7,5.81
BS311QB,BS31,1QB,BS31 1QB,Bath and North East Somerset Council,SolarPanels,,8,1,5,3.32
BS94EG,BS9,4EG,BS9 4EG,Bristol City Council,RetroFitBattery,,0,1,12,0.00
BS166NQ,BS16,6NQ,BS16 6NQ,South Gloucestershire Council,SolarPanels,1,14,1,7,5.81
BS376NL,BS37,6NL,BS37 6NL,South Gloucestershire Council,SolarPanels,,9,1,7,3.74
BS94EG,BS9,4EG,BS9 4EG,Bristol City Council,SolarPanels,,14,1,5,5.81
BS376NU,BS37,6NU,BS37 6NU,South Gloucestershire Council,RetroFitBattery,,0,1,7,0.00
BS208LU,BS20,8LU,BS20 8LU,North Somerset Council,SolarPanels,,10,0,,4.15
BS161JN,BS16,1JN,BS16 1JN,Bristol City Council,SolarPanels,1,16,0,,6.64
BA16JX,BA1,6JX,BA1 6JX,Bath and North East Somerset Council,SolarPanels,,5,1,5,2.08
BA32PR,BA3,2PR,BA3 2PR,Bath and North East Somerset Council,SolarPanels,,7,1,5,2.91
BS352HY,BS35,2HY,BS35 2HY,South Gloucestershire Council,SolarPanels,,10,1,5,4.15
BS161YP,BS16,1YP,BS16 1YP,South Gloucestershire Council,SolarPanels,,24,1,12,9.96
BA23QH,BA2,3QH,BA2 3QH,Bath and North East Somerset Council,SolarPanels,,9,1,5,3.74
BS31LE,BS3,1LE,BS3 1LE,Bristol City Council,SolarPanels,,8,1,5,3.32
BA22AG,BA2,2AG,BA2 2AG,Bath and North East Somerset Council,SolarPanels,,14,1,5,5.81
BS308YF,BS30,8YF,BS30 8YF,South Gloucestershire Council,SolarPanels,1,16,1,7,6.64
BA17PL,BA1,7PL,BA1 7PL,Bath and North East Somerset Council,SolarPanels,,14,1,7,5.81
BS405HT,BS40,5HT,BS40 5HT,North Somerset Council,RetroFitBattery,,0,1,5,0.00
BS78SN,BS7,8SN,BS7 8SN,Bristol City Council,SolarPanels,,11,1,7,4.57
BS232NY,BS23,2NY,BS23 2NY,North Somerset Council,SolarPanels,,10,1,7,4.15
BS207LU,BS20,7LU,BS20 7LU,North Somerset Council,SolarPanels,,12,1,5,4.98
BS216TY,BS21,6TY,BS21 6TY,North Somerset Council,SolarPanels,,10,1,7,4.15
BS206DT,BS20,6DT,BS20 6DT,North Somerset Council,SolarPanels,,10,1,7,4.15
BS67UU,BS6,7UU,BS6 7UU,Bristol City Council,SolarPanels,,10,0,,4.15
BS92RN,BS9,2RN,BS9 2RN,Bristol City Council,RetroFitBattery,,14,1,12,0.00
BS93PL,BS9,3PL,BS9 3PL,Bristol City Council,SolarPanels,,6,1,5,2.49
BS394LD,BS39,4LD,BS39 4LD,Bath and North East Somerset Council,SolarPanels,,8,1,7,3.32
BS207NJ,BS20,7NJ,BS20 7NJ,North Somerset Council,SolarPanels,,16,1,7,6.64
BS320EW,BS32,0EW,BS32 0EW,South Gloucestershire Council,SolarPanels,,20,1,7,8.30
BS207RT,BS20,7RT,BS20 7RT,North Somerset Council,SolarPanels,,14,1,12,5.81
BS206ND,BS20,6ND,BS20 6ND,North Somerset Council,SolarPanels,,15,1,7,6.23
BS208DP,BS20,8DP,BS20 8DP,North Somerset Council,RetroFitBattery,,0,1,12,0.00
BA25DU,BA2,5DU,BA2 5DU,Bath and North East Somerset Council,SolarPanels,,8,1,5,3.32
BS348RP,BS34,8RP,BS34 8RP,South Gloucestershire Council,SolarPanels,,10,1,7,4.15
BS352XD,BS35,2XD,BS35 2XD,South Gloucestershire Council,SolarPanels,,14,1,7,5.81
BA13ES,BA1,3ES,BA1 3ES,Bath and North East Somerset Council,SolarPanels,,8,1,5,3.32
BS313LA,BS31,3LA,BS31 3LA,Bath and North East Somerset Council,SolarPanels,,12,1,5,4.98
BS311GQ,BS31,1GQ,BS31 1GQ,Bath and North East Somerset Council,SolarPanels,,10,1,7,4.15
BS312FR,BS31,2FR,BS31 2FR,Bath and North East Somerset Council,SolarPanels,,14,1,7,5.81
BS229BX,BS22,9BX,BS22 9BX,North Somerset Council,SolarPanels,,10,0,,4.15
BS495HA,BS49,5HA,BS49 5HA,North Somerset Council,SolarPanels,,8,1,5,3.32
BS78JQ,BS7,8JQ,BS7 8JQ,Bristol City Council,SolarPanels,1,12,1,12,4.98
BS311BX,BS31,1BX,BS31 1BX,Bath and North East Somerset Council,SolarPanels,,4,1,5,1.66
BA19DN,BA1,9DN,BA1 9DN,Bath and North East Somerset Council,SolarPanels,1,10,1,7,4.15
BS376HW,BS37,6HW,BS37 6HW,South Gloucestershire Council,SolarPanels,,0,1,7,0.00
BS481TD,BS48,1TD,BS48 1TD,North Somerset Council,SolarPanels,,6,1,5,2.49
BS311AF,BS31,1AF,BS31 1AF,Bath and North East Somerset Council,SolarPanels,,13,1,7,5.40
BS106LZ,BS10,6LZ,BS10 6LZ,Bristol City Council,SolarPanels,,6,1,5,2.49
BS92DB,BS9,2DB,BS9 2DB,Bristol City Council,SolarPanels,,6,1,7,2.49
BS78RB,BS7,8RB,BS7 8RB,Bristol City Council,SolarPanels,1,8,1,5,3.32
BS91RE,BS9,1RE,BS9 1RE,Bristol City Council,SolarPanels,,10,1,7,4.15
BS42DP,BS4,2DP,BS4 2DP,Bristol City Council,SolarPanels,,8,1,7,3.32
BS78EF,BS7,8EF,BS7 8EF,Bristol City Council,SolarPanels,,6,1,5,2.49
BS91RZ,BS9,1RZ,BS9 1RZ,Bristol City Council,SolarPanels,,12,1,7,4.98
BS484BT,BS48,4BT,BS48 4BT,North Somerset Council,SolarPanels,,14,1,7,5.81
BS78LH,BS7,8LH,BS7 8LH,Bristol City Council,SolarPanels,,10,1,7,4.15
BA26HB,BA2,6HB,BA2 6HB,Bath and North East Somerset Council,SolarPanels,,16,1,7,6.64
BS161SA,BS16,1SA,BS16 1SA,South Gloucestershire Council,SolarPanels,,10,1,12,4.15
BS351LL,BS35,1LL,BS35 1LL,South Gloucestershire Council,SolarPanels,,12,1,7,4.98
GL128PJ,GL12,8PJ,GL12 8PJ,South Gloucestershire Council,SolarPanels,,13,1,7,5.40
BA16JL,BA1,6JL,BA1 6JL,Bath and North East Somerset Council,SolarPanels,,11,1,12,4.57
BA17TE,BA1,7TE,BA1 7TE,Bath and North East Somerset Council,SolarPanels,,10,1,7,4.15
BS92BE,BS9,2BE,BS9 2BE,Bristol City Council,RetroFitBattery,,0,1,7,0.00
BS405QP,BS40,5QP,BS40 5QP,North Somerset Council,SolarPanels,,11,1,7,4.57
BS107XQ,BS10,7XQ,BS10 7XQ,Bristol City Council,SolarPanels,,10,1,5,4.15
BA20EL,BA2,0EL,BA2 0EL,Bath and North East Somerset Council,SolarPanels,,10,1,5,4.15
BS92RY,BS9,2RY,BS9 2RY,Bristol City Council,SolarPanels,,8,1,5,3.32
BS78HL,BS7,8HL,BS7 8HL,Bristol City Council,SolarPanels,,8,1,5,3.32
BS251AY,BS25,1AY,BS25 1AY,North Somerset Council,SolarPanels,,8,1,5,3.32
BS94NS,BS9,4NS,BS9 4NS,Bristol City Council,SolarPanels,,7,1,5,2.91
BS481LW,BS48,1LW,BS48 1LW,North Somerset Council,SolarPanels,,16,1,12,6.64
BS355QX,BS35,5QX,BS35 5QX,South Gloucestershire Council,SolarPanels,,11,1,7,4.57
BS494JX,BS49,4JX,BS49 4JX,North Somerset Council,SolarPanels,,8,1,7,3.32
BS362HU,BS36,2HU,BS36 2HU,South Gloucestershire Council,SolarPanels,,8,1,5,3.32
BS311FN,BS31,1FN,BS31 1FN,Bath and North East Somerset Council,SolarPanels,,14,1,7,5.81
BA26QN,BA2,6QN,BA2 6QN,Bath and North East Somerset Council,SolarPanels,,7,1,7,2.91
BS66AJ,BS6,6AJ,BS6 6AJ,Bristol City Council,RetroFitBattery,1,0,1,5,0.00
BS481US,BS48,1US,BS48 1US,North Somerset Council,SolarPanels,,10,1,12,4.15
BA18DB,BA1,8DB,BA1 8DB,Bath and North East Somerset Council,SolarPanels,,15,1,7,6.23
BS67NH,BS6,7NH,BS6 7NH,Bristol City Council,RetroFitBattery,,0,1,5,0.00
BS92PA,BS9,2PA,BS9 2PA,Bristol City Council,SolarPanels,,8,1,7,3.32
BS311JR,BS31,1JR,BS31 1JR,Bath and North East Somerset Council,SolarPanels,,13,1,7,5.40
BS208JZ,BS20,8JZ,BS20 8JZ,North Somerset Council,SolarPanels,,10,1,7,4.15
BS165RQ,BS16,5RQ,BS16 5RQ,South Gloucestershire Council,SolarPanels,,14,1,7,5.81
BA28LR,BA2,8LR,BA2 8LR,Bath and North East Somerset Council,SolarPanels,,11,0,,4.57
BA17PU,BA1,7PU,BA1 7PU,Bath and North East Somerset Council,SolarPanels,1,12,1,7,4.98
BS137BT,BS13,7BT,BS13 7BT,Bristol City Council,RetroFitBattery,,0,1,7,0.00
BA13NP,BA1,3NP,BA1 3NP,Bath and North East Somerset Council,RetroFitBattery,,0,1,12,0.00
BS92RL,BS9,2RL,BS9 2RL,Bristol City Council,SolarPanels,,8,0,,3.32
BS229TS,BS22,9TS,BS22 9TS,North Somerset Council,SolarPanels,,12,1,7,4.98
BS328DQ,BS32,8DQ,BS32 8DQ,South Gloucestershire Council,SolarPanels,,11,1,5,4.57
BS167TA,BS16,7TA,BS16 7TA,South Gloucestershire Council,SolarPanels,,12,1,7,4.98
BA16BB,BA1,6BB,BA1 6BB,Bath and North East Somerset Council,SolarPanels,,8,1,12,3.32
BS361RH,BS36,1RH,BS36 1RH,South Gloucestershire Council,SolarPanels,1,12,1,7,4.98
BS328EB,BS32,8EB,BS32 8EB,South Gloucestershire Council,SolarPanels,,9,1,5,3.74
BA14HS,BA1,4HS,BA1 4HS,Bath and North East Somerset Council,SolarPanels,,6,1,5,2.49
BS227QN,BS22,7QN,BS22 7QN,North Somerset Council,SolarPanels,,20,1,7,8.30
BS249XB,BS24,9XB,BS24 9XB,North Somerset Council,SolarPanels,,6,1,5,2.49
BS67XQ,BS6,7XQ,BS6 7XQ,Bristol City Council,RetroFitBattery,,0,1,7,0.00
BS70TJ,BS7,0TJ,BS7 0TJ,South Gloucestershire Council,RetroFitBattery,,0,1,5,0.00
BS483BN,BS48,3BN,BS48 3BN,North Somerset Council,RetroFitBattery,,0,1,5,0.00
BS35DQ,BS3,5DQ,BS3 5DQ,Bristol City Council,RetroFitBattery,,0,1,5,0.00
BS35DH,BS3,5DH,BS3 5DH,Bristol City Council,SolarPanels,,8,1,7,3.32
BS346HQ,BS34,6HQ,BS34 6HQ,South Gloucestershire Council,SolarPanels,,6,1,5,2.49
BS374HY,BS37,4HY,BS37 4HY,South Gloucestershire Council,SolarPanels,,12,1,7,4.98
BS377EY,BS37,7EY,BS37 7EY,South Gloucestershire Council,RetroFitBattery,,0,1,7,0.00
BS347NG,BS34,7NG,BS34 7NG,South Gloucestershire Council,SolarPanels,1,5,1,7,2.08
BS207QX,BS20,7QX,BS20 7QX,North Somerset Council,SolarPanels,,8,0,,3.32
BS348PQ,BS34,8PQ,BS34 8PQ,South Gloucestershire Council,SolarPanels,,12,1,7,4.98
BS166PZ,BS16,6PZ,BS16 6PZ,South Gloucestershire Council,SolarPanels,,8,1,7,3.32
BS70RJ,BS7,0RJ,BS7 0RJ,South Gloucestershire Council,SolarPanels,,7,0,,2.91
BS484YT,BS48,4YT,BS48 4YT,North Somerset Council,SolarPanels,,14,1,7,5.81
BS94LD,BS9,4LD,BS9 4LD,Bristol City Council,SolarPanels,,6,1,7,2.49
BS229PD,BS22,9PD,BS22 9PD,North Somerset Council,SolarPanels,,10,1,5,4.15
BS483HT,BS48,3HT,BS48 3HT,North Somerset Council,RetroFitBattery,,0,1,7,0.00
BS42JW,BS4,2JW,BS4 2JW,Bristol City Council,SolarPanels,,4,1,5,1.66
BS311JW,BS31,1JW,BS31 1JW,Bath and North East Somerset Council,SolarPanels,,14,1,7,5.81
BS105BJ,BS10,5BJ,BS10 5BJ,Bristol City Council,SolarPanels,,10,1,7,4.15
BS375TG,BS37,5TG,BS37 5TG,South Gloucestershire Council,SolarPanels,,8,1,5,3.32
BS482JN,BS48,2JN,BS48 2JN,North Somerset Council,SolarPanels,,6,1,5,2.49
BS67HR,BS6,7HR,BS6 7HR,Bristol City Council,SolarPanels,,10,1,12,4.15
BS94DE,BS9,4DE,BS9 4DE,Bristol City Council,SolarPanels,,6,1,5,2.49
BS494NF,BS49,4NF,BS49 4NF,North Somerset Council,SolarPanels,,16,1,7,6.64
BS353JB,BS35,3JB,BS35 3JB,South Gloucestershire Council,SolarPanels,,12,1,7,4.98
BS31LP,BS3,1LP,BS3 1LP,Bristol City Council,SolarPanels,,6,1,5,2.49
BS484RN,BS48,4RN,BS48 4RN,North Somerset Council,SolarPanels,,8,1,5,3.32
BS200BY,BS20,0BY,BS20 0BY,North Somerset Council,SolarPanels,,16,1,7,6.64
BS406PL,BS40,6PL,BS40 6PL,Bath and North East Somerset Council,RetroFitBattery,,0,1,5,0.00
BS353JA,BS35,3JA,BS35 3JA,South Gloucestershire Council,SolarPanels,,12,1,7,4.98
BS93HR,BS9,3HR,BS9 3HR,Bristol City Council,SolarPanels,,7,1,5,2.91
BS229AE,BS22,9AE,BS22 9AE,North Somerset Council,SolarPanels,,10,1,7,4.15
BS394BH,BS39,4BH,BS39 4BH,Bath and North East Somerset Council,SolarPanels,,12,0,,4.98
BS161WT,BS16,1WT,BS16 1WT,South Gloucestershire Council,SolarPanels,,8,1,12,3.32
BA22DU,BA2,2DU,BA2 2DU,Bath and North East Somerset Council,SolarPanels,,6,1,5,2.49
BS494LX,BS49,4LX,BS49 4LX,North Somerset Council,SolarPanels,,6,1,7,2.49
BS206EE,BS20,6EE,BS20 6EE,North Somerset Council,SolarPanels,,14,1,7,5.81
BS93ST,BS9,3ST,BS9 3ST,Bristol City Council,SolarPanels,,9,1,5,3.74
BS482XJ,BS48,2XJ,BS48 2XJ,North Somerset Council,SolarPanels,,12,1,5,4.98
BS35EB,BS3,5EB,BS3 5EB,Bristol City Council,SolarPanels,,7,1,12,2.91
BS482AR,BS48,2AR,BS48 2AR,North Somerset Council,SolarPanels,,7,1,7,2.91
BS226EQ,BS22,6EQ,BS22 6EQ,North Somerset Council,SolarPanels,,12,1,7,4.98
BS311QE,BS31,1QE,BS31 1QE,Bath and North East Somerset Council,SolarPanels,,14,1,12,5.81
BS313JJ,BS31,3JJ,BS31 3JJ,Bath and North East Somerset Council,SolarPanels,,10,1,7,4.15
BS309UB,BS30,9UB,BS30 9UB,South Gloucestershire Council,SolarPanels,,6,1,5,2.49
BS251LP,BS25,1LP,BS25 1LP,North Somerset Council,SolarPanels,,14,1,7,5.81
BS362QZ,BS36,2QZ,BS36 2QZ,South Gloucestershire Council,SolarPanels,,10,1,5,4.15
BS229BG,BS22,9BG,BS22 9BG,North Somerset Council,RetroFitBattery,,0,1,12,0.00
BA24NF,BA2,4NF,BA2 4NF,Bath and North East Somerset Council,SolarPanels,,6,1,5,2.49
BA13RL,BA1,3RL,BA1 3RL,Bath and North East Somerset Council,SolarPanels,,9,0,,3.74
BA32XU,BA3,2XU,BA3 2XU,Bath and North East Somerset Council,SolarPanels,,0,1,12,0.00
BS229AS,BS22,9AS,BS22 9AS,North Somerset Council,SolarPanels,,10,1,5,4.15
BS377QW,BS37,7QW,BS37 7QW,South Gloucestershire Council,SolarPanels,,6,1,5,2.49
BS35EU,BS3,5EU,BS3 5EU,Bristol City Council,RetroFitBattery,,0,1,12,0.00
BS226QW,BS22,6QW,BS22 6QW,North Somerset Council,SolarPanels,,8,1,5,3.32
BS94SU,BS9,4SU,BS9 4SU,Bristol City Council,SolarPanels,1,13,1,12,5.40
BS200EF,BS20,0EF,BS20 0EF,North Somerset Council,SolarPanels,1,9,1,7,3.74
BS494HN,BS49,4HN,BS49 4HN,North Somerset Council,SolarPanels,,14,1,12,5.81
BS229XD,BS22,9XD,BS22 9XD,North Somerset Council,SolarPanels,,4,1,5,1.66
BS208RH,BS20,8RH,BS20 8RH,North Somerset Council,SolarPanels,,10,1,5,4.15
BS311AJ,BS31,1AJ,BS31 1AJ,Bath and North East Somerset Council,SolarPanels,,8,1,5,3.32
BS311AJ,BS31,1AJ,BS31 1AJ,Bath and North East Somerset Council,SolarPanels,,8,1,5,3.32
BS35PA,BS3,5PA,BS3 5PA,Bristol City Council,SolarPanels,,8,1,7,3.32
BS78LD,BS7,8LD,BS7 8LD,Bristol City Council,SolarPanels,,6,1,5,2.49
BS296DG,BS29,6DG,BS29 6DG,North Somerset Council,RetroFitBattery,,0,1,7,0.00
BS396EN,BS39,6EN,BS39 6EN,Bath and North East Somerset Council,RetroFitBattery,,0,1,5,0.00
BS206YN,BS20,6YN,BS20 6YN,North Somerset Council,SolarPanels,,12,1,7,4.98
BS320BW,BS32,0BW,BS32 0BW,South Gloucestershire Council,SolarPanels,,12,1,12,4.98
BS247GL,BS24,7GL,BS24 7GL,North Somerset Council,SolarPanels,,10,1,7,4.15
BS351FJ,BS35,1FJ,BS35 1FJ,South Gloucestershire Council,SolarPanels,,20,1,12,8.30
GL128LP,GL12,8LP,GL12 8LP,South Gloucestershire Council,RetroFitBattery,,0,1,7,0.00
BS78ND,BS7,8ND,BS7 8ND,Bristol City Council,SolarPanels,,10,1,7,4.15
BS78JJ,BS7,8JJ,BS7 8JJ,Bristol City Council,SolarPanels,,8,1,12,3.32
BA22ED,BA2,2ED,BA2 2ED,Bath and North East Somerset Council,SolarPanels,,9,1,12,3.74
BS352FR,BS35,2FR,BS35 2FR,South Gloucestershire Council,SolarPanels,,14,1,12,5.81
BS94DE,BS9,4DE,BS9 4DE,Bristol City Council,SolarPanels,,8,1,5,3.32
BS406BH,BS40,6BH,BS40 6BH,Bath and North East Somerset Council,SolarPanels,,12,1,5,4.98
BS324EZ,BS32,4EZ,BS32 4EZ,South Gloucestershire Council,SolarPanels,,12,1,7,4.98
BS94RY,BS9,4RY,BS9 4RY,Bristol City Council,SolarPanels,,11,1,12,4.57
BS105AZ,BS10,5AZ,BS10 5AZ,Bristol City Council,SolarPanels,,11,1,5,4.57
BS162RP,BS16,2RP,BS16 2RP,South Gloucestershire Council,SolarPanels,,8,1,7,3.32
BS79EB,BS7,9EB,BS7 9EB,Bristol City Council,SolarPanels,,7,1,5,2.91
BS217HZ,BS21,7HZ,BS21 7HZ,North Somerset Council,SolarPanels,,14,1,7,5.81
BA21HU,BA2,1HU,BA2 1HU,Bath and North East Somerset Council,SolarPanels,,8,1,7,3.32
BA25DW,BA2,5DW,BA2 5DW,Bath and North East Somerset Council,SolarPanels,,12,1,7,4.98
BS312FZ,BS31,2FZ,BS31 2FZ,Bath and North East Somerset Council,SolarPanels,,12,0,,4.98
BS306AA,BS30,6AA,BS30 6AA,South Gloucestershire Council,SolarPanels,,6,1,5,2.49
BS166AW,BS16,6AW,BS16 6AW,South Gloucestershire Council,SolarPanels,,21,1,7,8.72
BA23NF,BA2,3NF,BA2 3NF,Bath and North East Somerset Council,SolarPanels,,8,1,5,3.32
BS227XH,BS22,7XH,BS22 7XH,North Somerset Council,SolarPanels,,12,1,5,4.98
BS495JQ,BS49,5JQ,BS49 5JQ,North Somerset Council,RetroFitBattery,,0,1,7,0.00
BS208BZ,BS20,8BZ,BS20 8BZ,North Somerset Council,SolarPanels,,14,1,7,5.81
BS377LD,BS37,7LD,BS37 7LD,South Gloucestershire Council,SolarPanels,,8,1,5,3.32
BS483PQ,BS48,3PQ,BS48 3PQ,North Somerset Council,SolarPanels,,13,1,7,5.40
BS65AP,BS6,5AP,BS6 5AP,Bristol City Council,SolarPanels,,5,1,5,2.08
BS32DH,BS3,2DH,BS3 2DH,Bristol City Council,SolarPanels,,8,1,5,3.32
BA13LT,BA1,3LT,BA1 3LT,Bath and North East Somerset Council,SolarPanels,,10,1,5,4.15
BS483JN,BS48,3JN,BS48 3JN,North Somerset Council,SolarPanels,,12,1,7,4.98
BS45DJ,BS4,5DJ,BS4 5DJ,Bristol City Council,SolarPanels,,10,1,5,4.15
BS208HJ,BS20,8HJ,BS20 8HJ,North Somerset Council,SolarPanels,,12,1,7,4.98
BS377RB,BS37,7RB,BS37 7RB,South Gloucestershire Council,SolarPanels,,9,1,5,3.74
BS249JQ,BS24,9JQ,BS24 9JQ,North Somerset Council,SolarPanels,,12,1,7,4.98
BS93LE,BS9,3LE,BS9 3LE,Bristol City Council,SolarPanels,,8,1,7,3.32
BS67BD,BS6,7BD,BS6 7BD,Bristol City Council,SolarPanels,,9,1,7,3.74
BS376ND,BS37,6ND,BS37 6ND,South Gloucestershire Council,SolarPanels,,14,1,7,5.81
BS162QY,BS16,2QY,BS16 2QY,Bristol City Council,SolarPanels,,8,0,,3.32
BS311JP,BS31,1JP,BS31 1JP,Bath and North East Somerset Council,SolarPanels,,14,1,5,5.81
BS34RH,BS3,4RH,BS3 4RH,Bristol City Council,SolarPanels,,6,1,5,2.49
BS249LN,BS24,9LN,BS24 9LN,North Somerset Council,SolarPanels,,12,1,7,4.98
BS352EP,BS35,2EP,BS35 2EP,South Gloucestershire Council,SolarPanels,,12,1,7,4.98
BA32SB,BA3,2SB,BA3 2SB,Bath and North East Somerset Council,SolarPanels,,8,1,5,3.32
BS362AY,BS36,2AY,BS36 2AY,South Gloucestershire Council,SolarPanels,,12,1,5,4.98
BS313AA,BS31,3AA,BS31 3AA,Bath and North East Somerset Council,SolarPanels,,18,1,5,7.47
BS217BZ,BS21,7BZ,BS21 7BZ,North Somerset Council,SolarPanels,,14,1,12,5.81
BS92BQ,BS9,2BQ,BS9 2BQ,Bristol City Council,SolarPanels,,16,1,12,6.64
BS494LA,BS49,4LA,BS49 4LA,North Somerset Council,SolarPanels,,6,1,5,2.49
BS249NZ,BS24,9NZ,BS24 9NZ,North Somerset Council,SolarPanels,,8,1,5,3.32
BS229AX,BS22,9AX,BS22 9AX,North Somerset Council,SolarPanels,,10,1,7,4.15
BS105HY,BS10,5HY,BS10 5HY,Bristol City Council,SolarPanels,1,10,1,7,4.15
BS249JH,BS24,9JH,BS24 9JH,North Somerset Council,SolarPanels,,14,1,7,5.81
BS484RQ,BS48,4RQ,BS48 4RQ,North Somerset Council,SolarPanels,,16,1,7,6.64
BA14LN,BA1,4LN,BA1 4LN,Bath and North East Somerset Council,SolarPanels,,11,1,7,4.57
BS32DH,BS3,2DH,BS3 2DH,Bristol City Council,SolarPanels,,6,0,,2.49
BS35BP,BS3,5BP,BS3 5BP,Bristol City Council,SolarPanels,,9,1,7,3.74
BA27BA,BA2,7BA,BA2 7BA,Bath and North East Somerset Council,SolarPanels,,7,1,7,2.91
BS409YL,BS40,9YL,BS40 9YL,North Somerset Council,RetroFitBattery,,0,1,5,0.00
BS67BX,BS6,7BX,BS6 7BX,Bristol City Council,SolarPanels,1,12,1,7,4.98
BS65BS,BS6,5BS,BS6 5BS,Bristol City Council,SolarPanels,,7,1,5,2.91
BS94SA,BS9,4SA,BS9 4SA,Bristol City Council,SolarPanels,,10,1,7,4.15
BS216UF,BS21,6UF,BS21 6UF,North Somerset Council,SolarPanels,,10,1,7,4.15
BS484RD,BS48,4RD,BS48 4RD,North Somerset Council,SolarPanels,1,12,1,12,4.98
BA25AB,BA2,5AB,BA2 5AB,Bath and North East Somerset Council,SolarPanels,,7,1,5,2.91
BS483NL,BS48,3NL,BS48 3NL,North Somerset Council,SolarPanels,,9,1,7,3.74
BS484RQ,BS48,4RQ,BS48 4RQ,North Somerset Council,SolarPanels,,16,1,7,6.64
BS91DA,BS9,1DA,BS9 1DA,Bristol City Council,SolarPanels,,10,1,7,4.15
BS217SY,BS21,7SY,BS21 7SY,North Somerset Council,SolarPanels,,12,1,5,4.98
BS311RE,BS31,1RE,BS31 1RE,Bath and North East Somerset Council,SolarPanels,,8,1,7,3.32
BA20QE,BA2,0QE,BA2 0QE,Bath and North East Somerset Council,SolarPanels,,12,1,7,4.98
BS166AT,BS16,6AT,BS16 6AT,South Gloucestershire Council,SolarPanels,,9,1,5,3.74
BA13JR,BA1,3JR,BA1 3JR,Bath and North East Somerset Council,SolarPanels,,5,1,5,2.08
BS91RN,BS9,1RN,BS9 1RN,Bristol City Council,SolarPanels,,10,1,5,4.15
BS78QH,BS7,8QH,BS7 8QH,Bristol City Council,SolarPanels,1,6,1,5,2.49
BS494BU,BS49,4BU,BS49 4BU,North Somerset Council,SolarPanels,,11,1,7,4.57
BS163SR,BS16,3SR,BS16 3SR,Bristol City Council,SolarPanels,,5,1,7,2.08
BS165DF,BS16,5DF,BS16 5DF,South Gloucestershire Council,SolarPanels,,8,1,5,3.32
BA22UD,BA2,2UD,BA2 2UD,Bath and North East Somerset Council,SolarPanels,,7,1,5,2.91
BS79DJ,BS7,9DJ,BS7 9DJ,Bristol City Council,RetroFitBattery,,0,1,5,0.00
BS328EB,BS32,8EB,BS32 8EB,South Gloucestershire Council,RetroFitBattery,,0,1,5,0.00
BS162QJ,BS16,2QJ,BS16 2QJ,Bristol City Council,RetroFitBattery,,0,1,5,0.00
BS167DJ,BS16,7DJ,BS16 7DJ,South Gloucestershire Council,SolarPanels,,12,1,5,4.98
BS162AJ,BS16,2AJ,BS16 2AJ,Bristol City Council,SolarPanels,,5,0,,2.08
BS308HU,BS30,8HU,BS30 8HU,South Gloucestershire Council,SolarPanels,,10,1,7,4.15
BA29AR,BA2,9AR,BA2 9AR,Bath and North East Somerset Council,SolarPanels,,7,0,,2.91
BS419BP,BS41,9BP,BS41 9BP,North Somerset Council,SolarPanels,,5,1,5,2.08
BS43HH,BS4,3HH,BS4 3HH,Bristol City Council,SolarPanels,,10,1,7,4.15
BS208BY,BS20,8BY,BS20 8BY,North Somerset Council,SolarPanels,,11,1,7,4.57
BS65TP,BS6,5TP,BS6 5TP,Bristol City Council,SolarPanels,,8,1,5,3.32
BS232TT,BS23,2TT,BS23 2TT,North Somerset Council,SolarPanels,,10,1,5,4.15
BS348XQ,BS34,8XQ,BS34 8XQ,South Gloucestershire Council,SolarPanels,,13,1,5,5.40
BS418NN,BS41,8NN,BS41 8NN,Bath and North East Somerset Council,SolarPanels,,9,1,23,3.74
BS234JN,BS23,4JN,BS23 4JN,North Somerset Council,SolarPanels,,12,1,7,4.98
BA24RB,BA2,4RB,BA2 4RB,Bath and North East Somerset Council,SolarPanels,,6,1,7,2.49
BA14NQ,BA1,4NQ,BA1 4NQ,Bath and North East Somerset Council,SolarPanels,,16,1,7,6.64
BS151HG,BS15,1HG,BS15 1HG,Bristol City Council,SolarPanels,,9,1,7,3.74
BS494HU,BS49,4HU,BS49 4HU,North Somerset Council,SolarPanels,,10,1,5,4.15
BA17DD,BA1,7DD,BA1 7DD,Bath and North East Somerset Council,SolarPanels,,15,1,7,6.23
BA25BY,BA2,5BY,BA2 5BY,Bath and North East Somerset Council,SolarPanels,,13,1,7,5.40
BS42HF,BS4,2HF,BS4 2HF,Bristol City Council,RetroFitBattery,,0,1,5,0.00
BA25HP,BA2,5HP,BA2 5HP,Bath and North East Somerset Council,SolarPanels,,6,1,5,2.49
BA26RJ,BA2,6RJ,BA2 6RJ,Bath and North East Somerset Council,SolarPanels,,10,1,7,4.15
BS495HD,BS49,5HD,BS49 5HD,North Somerset Council,SolarPanels,,8,1,5,3.32
BA24HF,BA2,4HF,BA2 4HF,Bath and North East Somerset Council,RetroFitBattery,1,0,1,7,0.00
BS234RF,BS23,4RF,BS23 4RF,North Somerset Council,SolarPanels,,0,1,5,0.00
BS65TS,BS6,5TS,BS6 5TS,Bristol City Council,SolarPanels,,10,1,7,4.15
BS67UE,BS6,7UE,BS6 7UE,Bristol City Council,RetroFitBattery,,0,1,5,0.00
BS65JS,BS6,5JS,BS6 5JS,Bristol City Council,RetroFitBattery,,0,1,5,0.00
BS311HN,BS31,1HN,BS31 1HN,Bath and North East Somerset Council,SolarPanels,,8,1,7,3.32
BA17JW,BA1,7JW,BA1 7JW,Bath and North East Somerset Council,SolarPanels,,6,0,,2.49
BS200ET,BS20,0ET,BS20 0ET,North Somerset Council,RetroFitBattery,,0,1,14,0.00
BS105LJ,BS10,5LJ,BS10 5LJ,Bristol City Council,RetroFitBattery,,0,1,7,0.00
BS247EP,BS24,7EP,BS24 7EP,North Somerset Council,SolarPanels,,10,1,5,4.15
BS94DU,BS9,4DU,BS9 4DU,Bristol City Council,SolarPanels,,14,1,7,5.81
BS79BW,BS7,9BW,BS7 9BW,Bristol City Council,SolarPanels,,12,1,7,4.98
BS494AT,BS49,4AT,BS49 4AT,North Somerset Council,SolarPanels,,18,1,7,7.47
BS93RX,BS9,3RX,BS9 3RX,Bristol City Council,SolarPanels,,9,1,5,3.74
BS57DG,BS5,7DG,BS5 7DG,Bristol City Council,RetroFitBattery,,0,1,7,0.00
BS65JJ,BS6,5JJ,BS6 5JJ,Bristol City Council,RetroFitBattery,,0,1,5,0.00
BS78DA,BS7,8DA,BS7 8DA,Bristol City Council,SolarPanels,,6,1,5,2.49
BS419HX,BS41,9HX,BS41 9HX,North Somerset Council,SolarPanels,,10,1,5,4.15
BS377RR,BS37,7RR,BS37 7RR,South Gloucestershire Council,SolarPanels,,12,1,5,4.98
BS328AQ,BS32,8AQ,BS32 8AQ,South Gloucestershire Council,SolarPanels,1,10,1,7,4.15
BS494AW,BS49,4AW,BS49 4AW,North Somerset Council,SolarPanels,1,14,1,7,5.81
BS229RF,BS22,9RF,BS22 9RF,North Somerset Council,SolarPanels,,12,1,7,4.98
BS216AX,BS21,6AX,BS21 6AX,North Somerset Council,SolarPanels,,5,0,,2.08
BS351ES,BS35,1ES,BS35 1ES,South Gloucestershire Council,SolarPanels,,7,1,5,2.91
BS352DR,BS35,2DR,BS35 2DR,South Gloucestershire Council,SolarPanels,,10,0,,4.15
BA20LF,BA2,0LF,BA2 0LF,Bath and North East Somerset Council,RetroFitBattery,,0,1,7,0.00
BS247DD,BS24,7DD,BS24 7DD,North Somerset Council,SolarPanels,,14,1,7,5.81
BS78QF,BS7,8QF,BS7 8QF,Bristol City Council,RetroFitBattery,,0,1,5,0.00
BS94BZ,BS9,4BZ,BS9 4BZ,Bristol City Council,SolarPanels,,4,0,,1.66
BS207LW,BS20,7LW,BS20 7LW,North Somerset Council,SolarPanels,,11,1,5,4.57
BS91TT,BS9,1TT,BS9 1TT,Bristol City Council,SolarPanels,,10,1,7,4.15
BS494RE,BS49,4RE,BS49 4RE,North Somerset Council,SolarPanels,,10,1,7,4.15
BS162BY,BS16,2BY,BS16 2BY,Bristol City Council,SolarPanels,,4,1,5,1.66
BS419DL,BS41,9DL,BS41 9DL,North Somerset Council,SolarPanels,,10,1,5,4.15
BS484SY,BS48,4SY,BS48 4SY,North Somerset Council,SolarPanels,,10,0,,4.15
BS312FD,BS31,2FD,BS31 2FD,Bath and North East Somerset Council,SolarPanels,,14,1,7,5.81
BS207BG,BS20,7BG,BS20 7BG,North Somerset Council,SolarPanels,,12,1,7,4.98
BS165TB,BS16,5TB,BS16 5TB,South Gloucestershire Council,SolarPanels,1,15,1,12,6.23
BS482NB,BS48,2NB,BS48 2NB,North Somerset Council,SolarPanels,,8,1,5,3.32
BS217UB,BS21,7UB,BS21 7UB,North Somerset Council,SolarPanels,,12,1,7,4.98
BS207JU,BS20,7JU,BS20 7JU,North Somerset Council,SolarPanels,,8,1,5,3.32
BS227FN,BS22,7FN,BS22 7FN,North Somerset Council,SolarPanels,,21,1,7,8.72
BS158LW,BS15,8LW,BS15 8LW,South Gloucestershire Council,SolarPanels,,18,1,7,7.47
GL128LW,GL12,8LW,GL12 8LW,South Gloucestershire Council,SolarPanels,,12,1,7,4.98
BA24QH,BA2,4QH,BA2 4QH,Bath and North East Somerset Council,SolarPanels,,8,1,5,3.32
BA22DR,BA2,2DR,BA2 2DR,Bath and North East Somerset Council,SolarPanels,,9,1,7,3.74
BS482UG,BS48,2UG,BS48 2UG,North Somerset Council,SolarPanels,1,10,1,7,4.15
BS208DE,BS20,8DE,BS20 8DE,North Somerset Council,SolarPanels,,15,1,7,6.23
BS32PF,BS3,2PF,BS3 2PF,Bristol City Council,SolarPanels,,7,1,5,2.91
BA15AE,BA1,5AE,BA1 5AE,Bath and North East Somerset Council,SolarPanels,1,12,1,5,4.98
BS262XG,BS26,2XG,BS26 2XG,North Somerset Council,SolarPanels,,14,1,12,5.81
BS207LF,BS20,7LF,BS20 7LF,North Somerset Council,SolarPanels,,5,0,,2.08
BS484RN,BS48,4RN,BS48 4RN,North Somerset Council,SolarPanels,,10,1,7,4.15
BS162BZ,BS16,2BZ,BS16 2BZ,Bristol City Council,SolarPanels,,4,1,5,1.66
BS494JW,BS49,4JW,BS49 4JW,North Somerset Council,SolarPanels,,16,1,7,6.64
BS405DP,BS40,5DP,BS40 5DP,North Somerset Council,RetroFitBattery,,0,1,7,0.00
BS232SW,BS23,2SW,BS23 2SW,North Somerset Council,SolarPanels,,9,1,5,3.74
BS207HN,BS20,7HN,BS20 7HN,North Somerset Council,SolarPanels,,8,1,7,3.32
BS483HB,BS48,3HB,BS48 3HB,North Somerset Council,SolarPanels,1,10,1,7,4.15
BS79DH,BS7,9DH,BS7 9DH,Bristol City Council,SolarPanels,1,7,1,5,2.91
BA16DR,BA1,6DR,BA1 6DR,Bath and North East Somerset Council,RetroFitBattery,,0,1,5,0.00
BS353PA,BS35,3PA,BS35 3PA,South Gloucestershire Council,SolarPanels,,6,1,7,2.49
BS65JJ,BS6,5JJ,BS6 5JJ,Bristol City Council,SolarPanels,,9,1,7,3.74
BS495JQ,BS49,5JQ,BS49 5JQ,North Somerset Council,RetroFitBattery,,0,1,7,0.00
BS167NP,BS16,7NP,BS16 7NP,South Gloucestershire Council,SolarPanels,,10,1,7,4.15
BS206QT,BS20,6QT,BS20 6QT,North Somerset Council,SolarPanels,,12,1,5,4.98
BA20AX,BA2,0AX,BA2 0AX,Bath and North East Somerset Council,SolarPanels,,8,1,7,3.32
BS484YH,BS48,4YH,BS48 4YH,North Somerset Council,SolarPanels,,14,1,7,5.81
BS217JS,BS21,7JS,BS21 7JS,North Somerset Council,SolarPanels,,16,0,,6.64
BS153JJ,BS15,3JJ,BS15 3JJ,South Gloucestershire Council,SolarPanels,,9,0,,3.74
BS216TP,BS21,6TP,BS21 6TP,North Somerset Council,SolarPanels,,5,1,5,2.08
BS328GD,BS32,8GD,BS32 8GD,South Gloucestershire Council,SolarPanels,,12,1,7,4.98
BA17ES,BA1,7ES,BA1 7ES,Bath and North East Somerset Council,SolarPanels,,8,1,5,3.32
BS419NQ,BS41,9NQ,BS41 9NQ,North Somerset Council,SolarPanels,,10,1,7,4.15
BS94EJ,BS9,4EJ,BS9 4EJ,Bristol City Council,SolarPanels,,14,1,7,5.81
BS216EA,BS21,6EA,BS21 6EA,North Somerset Council,SolarPanels,,10,1,5,4.15
BS67DS,BS6,7DS,BS6 7DS,Bristol City Council,SolarPanels,1,12,1,7,4.98
BS481JL,BS48,1JL,BS48 1JL,North Somerset Council,SolarPanels,1,6,1,5,2.49
BS484ND,BS48,4ND,BS48 4ND,North Somerset Council,SolarPanels,,16,0,,6.64
BS208DE,BS20,8DE,BS20 8DE,North Somerset Council,RetroFitBattery,,0,1,7,0.00
BS348QY,BS34,8QY,BS34 8QY,South Gloucestershire Council,SolarPanels,,18,1,7,7.47
BA25EU,BA2,5EU,BA2 5EU,Bath and North East Somerset Council,SolarPanels,1,8,1,5,3.32
BS482DT,BS48,2DT,BS48 2DT,North Somerset Council,SolarPanels,,9,1,7,3.74
BS44HE,BS4,4HE,BS4 4HE,Bristol City Council,RetroFitBattery,,0,1,14,0.00
BS494RQ,BS49,4RQ,BS49 4RQ,North Somerset Council,SolarPanels,,12,1,7,4.98
BS495EZ,BS49,5EZ,BS49 5EZ,North Somerset Council,RetroFitBattery,,0,1,7,0.00
BA28AQ,BA2,8AQ,BA2 8AQ,Bath and North East Somerset Council,SolarPanels,,9,0,,3.74
BS405RR,BS40,5RR,BS40 5RR,North Somerset Council,SolarPanels,,8,1,5,3.32
BA20BQ,BA2,0BQ,BA2 0BQ,Bath and North East Somerset Council,SolarPanels,,8,1,5,3.32
BS313LA,BS31,3LA,BS31 3LA,Bath and North East Somerset Council,SolarPanels,,10,1,5,4.15
BS162HY,BS16,2HY,BS16 2HY,Bristol City Council,RetroFitBattery,,0,1,5,0.00
BS249TL,BS24,9TL,BS24 9TL,North Somerset Council,SolarPanels,,8,1,5,3.32
BS207HX,BS20,7HX,BS20 7HX,North Somerset Council,RetroFitBattery,,0,1,12,0.00
BS94AJ,BS9,4AJ,BS9 4AJ,Bristol City Council,SolarPanels,,6,1,5,2.49
BS70DB,BS7,0DB,BS7 0DB,Bristol City Council,SolarPanels,,8,1,7,3.32
BS229BT,BS22,9BT,BS22 9BT,North Somerset Council,SolarPanels,1,8,1,5,3.32
BS56RW,BS5,6RW,BS5 6RW,Bristol City Council,SolarPanels,,10,1,5,4.15
BS305BB,BS30,5BB,BS30 5BB,South Gloucestershire Council,SolarPanels,,12,1,7,4.98
BS200EE,BS20,0EE,BS20 0EE,North Somerset Council,RetroFitBattery,,0,1,5,0.00
BS395XQ,BS39,5XQ,BS39 5XQ,Bath and North East Somerset Council,RetroFitBattery,1,0,1,7,0.00
BA17JW,BA1,7JW,BA1 7JW,Bath and North East Somerset Council,SolarPanels,,10,1,5,4.15
BS320BP,BS32,0BP,BS32 0BP,South Gloucestershire Council,SolarPanels,,6,1,5,2.49
BS311NU,BS31,1NU,BS31 1NU,Bath and North East Somerset Council,SolarPanels,,10,0,,4.15
BS351FE,BS35,1FE,BS35 1FE,South Gloucestershire Council,RetroFitBattery,,0,1,7,0.00
BS78HR,BS7,8HR,BS7 8HR,Bristol City Council,RetroFitBattery,,0,1,5,0.00
BS70DA,BS7,0DA,BS7 0DA,Bristol City Council,SolarPanels,,7,1,7,2.91
BS165RE,BS16,5RE,BS16 5RE,South Gloucestershire Council,SolarPanels,,10,1,7,4.15
BS232RN,BS23,2RN,BS23 2RN,North Somerset Council,SolarPanels,,10,1,5,4.15
BS354PB,BS35,4PB,BS35 4PB,South Gloucestershire Council,SolarPanels,,8,1,5,3.32
BA20AW,BA2,0AW,BA2 0AW,Bath and North East Somerset Council,SolarPanels,,14,1,5,5.81
BS353TZ,BS35,3TZ,BS35 3TZ,South Gloucestershire Council,SolarPanels,,12,1,12,4.98
BS229TA,BS22,9TA,BS22 9TA,North Somerset Council,RetroFitBattery,,0,1,5,0.00
BA25QP,BA2,5QP,BA2 5QP,Bath and North East Somerset Council,SolarPanels,,5,1,5,2.08
BS482BD,BS48,2BD,BS48 2BD,North Somerset Council,SolarPanels,,6,1,5,2.49
BA16LU,BA1,6LU,BA1 6LU,Bath and North East Somerset Council,SolarPanels,,13,1,7,5.40
BS311FE,BS31,1FE,BS31 1FE,Bath and North East Somerset Council,SolarPanels,,8,1,5,3.32
BA20LA,BA2,0LA,BA2 0LA,Bath and North East Somerset Council,SolarPanels,,6,1,5,2.49
BS42NH,BS4,2NH,BS4 2NH,Bristol City Council,SolarPanels,,11,1,7,4.57
BA25EA,BA2,5EA,BA2 5EA,Bath and North East Somerset Council,SolarPanels,1,8,1,7,3.32
BS207BN,BS20,7BN,BS20 7BN,North Somerset Council,SolarPanels,,12,1,7,4.98
BS419ED,BS41,9ED,BS41 9ED,North Somerset Council,SolarPanels,,18,1,12,7.47
BS419LJ,BS41,9LJ,BS41 9LJ,North Somerset Council,SolarPanels,,10,1,5,4.15
BS78JN,BS7,8JN,BS7 8JN,Bristol City Council,RetroFitBattery,,0,1,7,0.00
BA16PD,BA1,6PD,BA1 6PD,Bath and North East Somerset Council,SolarPanels,,6,1,5,2.49
